id,本站托管图片,外部图片链接
143,,https://cdn.jsdelivr.net/gh/HenryJi529/ImageHosting/picgo/202203111301958.JPG
144,,https://cdn.jsdelivr.net/gh/HenryJi529/ImageHosting/picgo/202203111324834.JPG
142,,https://cdn.jsdelivr.net/gh/HenryJi529/ImageHosting/picgo/202203092214836.JPG
141,,https://cdn.jsdelivr.net/gh/HenryJi529/ImageHosting/picgo/202203061623724.JPG
140,,https://cdn.jsdelivr.net/gh/HenryJi529/ImageHosting/picgo/202203061621756.png
139,,https://cdn.jsdelivr.net/gh/HenryJi529/ImageHosting/picgo/202203051442306.jpeg
138,,https://cdn.jsdelivr.net/gh/HenryJi529/ImageHosting/picgo/202203031502638.JPG
137,,https://cdn.jsdelivr.net/gh/HenryJi529/ImageHosting/picgo/202203031458321.png
136,,https://cdn.jsdelivr.net/gh/HenryJi529/ImageHosting/picgo/202202270845594.JPG
135,,https://cdn.jsdelivr.net/gh/HenryJi529/ImageHosting/picgo/202202270845654.JPG
134,,https://cdn.jsdelivr.net/gh/HenryJi529/ImageHosting/picgo/202202270835012.JPG
133,,https://cdn.jsdelivr.net/gh/HenryJi529/ImageHosting/picgo/202202211505808.JPG
132,,https://cdn.jsdelivr.net/gh/HenryJi529/ImageHosting/picgo/202202211505012.JPG
131,,https://cdn.jsdelivr.net/gh/HenryJi529/ImageHosting/picgo/202202211505439.PNG
130,,https://cdn.jsdelivr.net/gh/HenryJi529/ImageHosting/picgo/202202211504399.JPG
129,,https://cdn.jsdelivr.net/gh/HenryJi529/ImageHosting/picgo/202202211504404.JPG
128,,https://cdn.jsdelivr.net/gh/HenryJi529/ImageHosting/picgo/202202211504567.JPG
127,,https://cdn.jsdelivr.net/gh/HenryJi529/ImageHosting/picgo/202202211503141.PNG
126,,https://cdn.jsdelivr.net/gh/HenryJi529/ImageHosting/picgo/202202211503720.png
125,,https://cdn.jsdelivr.net/gh/HenryJi529/ImageHosting/picgo/202202211457876.png
124,,https://cdn.jsdelivr.net/gh/HenryJi529/ImageHosting/picgo/202202211455971.JPG
123,,https://cdn.jsdelivr.net/gh/HenryJi529/ImageHosting/picgo/202202211454530.png
122,,https://cdn.jsdelivr.net/gh/HenryJi529/ImageHosting/picgo/202202150821532.JPG
121,,https://cdn.jsdelivr.net/gh/HenryJi529/ImageHosting/picgo/202202150821358.JPG
120,,https://cdn.jsdelivr.net/gh/HenryJi529/ImageHosting/picgo/202202150820960.JPG
119,,https://cdn.jsdelivr.net/gh/HenryJi529/ImageHosting/picgo/202202150820002.JPG
118,,https://cdn.jsdelivr.net/gh/HenryJi529/ImageHosting/picgo/202202150819009.JPG
117,,https://cdn.jsdelivr.net/gh/HenryJi529/ImageHosting/picgo/202202121458735.JPG
116,,https://cdn.jsdelivr.net/gh/HenryJi529/ImageHosting/picgo/202202112000935.JPG
115,,https://cdn.jsdelivr.net/gh/HenryJi529/ImageHosting/picgo/202202112000289.JPG
114,,https://cdn.jsdelivr.net/gh/HenryJi529/ImageHosting/picgo/202202100921537.JPG
113,,https://cdn.jsdelivr.net/gh/HenryJi529/ImageHosting/picgo/202202100918145.JPG
112,,https://cdn.jsdelivr.net/gh/HenryJi529/ImageHosting/picgo/202202100910195.JPG
111,,https://cdn.jsdelivr.net/gh/HenryJi529/ImageHosting/picgo/202202100909794.png
110,,https://cdn.jsdelivr.net/gh/HenryJi529/ImageHosting/picgo/202202100906640.png
109,,https://cdn.jsdelivr.net/gh/HenryJi529/ImageHosting/picgo/202202081004111.jpeg
108,,https://cdn.jsdelivr.net/gh/HenryJi529/ImageHosting/picgo/202202081003701.jpeg
107,,https://cdn.jsdelivr.net/gh/HenryJi529/ImageHosting/picgo/202201312254110.JPG
106,,https://cdn.jsdelivr.net/gh/HenryJi529/ImageHosting/picgo/202201312254973.JPG
105,,https://cdn.jsdelivr.net/gh/HenryJi529/ImageHosting/picgo/202201312253629.JPG
104,,https://cdn.jsdelivr.net/gh/HenryJi529/ImageHosting/picgo/202201312253527.png
103,,https://cdn.jsdelivr.net/gh/HenryJi529/ImageHosting/picgo/202201312252887.JPG
102,,https://cdn.jsdelivr.net/gh/HenryJi529/ImageHosting/picgo/202201301834029.jpeg
101,,https://cdn.jsdelivr.net/gh/HenryJi529/ImageHosting/picgo/202201301834393.png
100,,https://cdn.jsdelivr.net/gh/HenryJi529/ImageHosting/picgo/202201301833339.JPG
99,,https://cdn.jsdelivr.net/gh/HenryJi529/ImageHosting/picgo/202201301833385.jpeg
98,,https://cdn.jsdelivr.net/gh/HenryJi529/ImageHosting/picgo/202201301833744.JPG
97,,https://cdn.jsdelivr.net/gh/HenryJi529/ImageHosting/picgo/202201301833434.JPG
96,,https://cdn.jsdelivr.net/gh/HenryJi529/ImageHosting/picgo/202201301832245.jpeg
95,,https://cdn.jsdelivr.net/gh/HenryJi529/ImageHosting/picgo/202201301832270.JPG
94,,https://cdn.jsdelivr.net/gh/HenryJi529/ImageHosting/picgo/202201301832025.JPG
93,,https://cdn.jsdelivr.net/gh/HenryJi529/ImageHosting/picgo/202201301831214.JPG
92,,https://cdn.jsdelivr.net/gh/HenryJi529/ImageHosting/picgo/202201301831822.png
91,,https://cdn.jsdelivr.net/gh/HenryJi529/ImageHosting/picgo/202201301831878.jpeg
90,,https://cdn.jsdelivr.net/gh/HenryJi529/ImageHosting/picgo/202201301831321.jpeg
89,,https://cdn.jsdelivr.net/gh/HenryJi529/ImageHosting/picgo/202201301830824.PNG
88,,https://cdn.jsdelivr.net/gh/HenryJi529/ImageHosting/picgo/202201301830168.jpeg
87,,https://cdn.jsdelivr.net/gh/HenryJi529/ImageHosting/picgo/202201301830045.jpeg
86,,https://cdn.jsdelivr.net/gh/HenryJi529/ImageHosting/picgo/202201301830033.JPG
85,,https://cdn.jsdelivr.net/gh/HenryJi529/ImageHosting/picgo/202201301829098.JPG
84,,https://cdn.jsdelivr.net/gh/HenryJi529/ImageHosting/picgo/202201301829179.JPG
83,,https://cdn.jsdelivr.net/gh/HenryJi529/ImageHosting/picgo/202201301829269.jpg
82,,https://cdn.jsdelivr.net/gh/HenryJi529/ImageHosting/picgo/202201301829622.JPG
81,,https://cdn.jsdelivr.net/gh/HenryJi529/ImageHosting/picgo/202201301829176.JPG
80,,https://cdn.jsdelivr.net/gh/HenryJi529/ImageHosting/picgo/202201301828286.JPG
79,,https://cdn.jsdelivr.net/gh/HenryJi529/ImageHosting/picgo/202201301828147.JPG
78,,https://cdn.jsdelivr.net/gh/HenryJi529/ImageHosting/picgo/202201301828201.JPG
77,,https://cdn.jsdelivr.net/gh/HenryJi529/ImageHosting/picgo/202201301828840.JPG
76,,https://cdn.jsdelivr.net/gh/HenryJi529/ImageHosting/picgo/202201301827747.JPG
75,,https://cdn.jsdelivr.net/gh/HenryJi529/ImageHosting/picgo/202201301827363.JPG
74,,https://cdn.jsdelivr.net/gh/HenryJi529/ImageHosting/picgo/202201301827494.png
73,,https://cdn.jsdelivr.net/gh/HenryJi529/ImageHosting/picgo/202201301827672.JPG
72,,https://cdn.jsdelivr.net/gh/HenryJi529/ImageHosting/picgo/202201301826301.JPG
71,,https://cdn.jsdelivr.net/gh/HenryJi529/ImageHosting/picgo/202201301826968.jpeg
70,,https://cdn.jsdelivr.net/gh/HenryJi529/ImageHosting/picgo/202201301826423.JPG
69,,https://cdn.jsdelivr.net/gh/HenryJi529/ImageHosting/picgo/202201301826391.JPG
68,,https://cdn.jsdelivr.net/gh/HenryJi529/ImageHosting/picgo/202201301826926.JPG
67,,https://cdn.jsdelivr.net/gh/HenryJi529/ImageHosting/picgo/202201301826221.jpg
66,,https://cdn.jsdelivr.net/gh/HenryJi529/ImageHosting/picgo/202201301825237.JPG
65,,https://cdn.jsdelivr.net/gh/HenryJi529/ImageHosting/picgo/202201301825889.JPG
64,,https://cdn.jsdelivr.net/gh/HenryJi529/ImageHosting/picgo/202201301825479.png
63,,https://cdn.jsdelivr.net/gh/HenryJi529/ImageHosting/picgo/202201301824740.png
62,,https://cdn.jsdelivr.net/gh/HenryJi529/ImageHosting/picgo/202201301824520.JPG
61,,https://cdn.jsdelivr.net/gh/HenryJi529/ImageHosting/picgo/202201301824908.JPG
60,,https://cdn.jsdelivr.net/gh/HenryJi529/ImageHosting/picgo/202201301824964.JPG
59,,https://cdn.jsdelivr.net/gh/HenryJi529/ImageHosting/picgo/202201301824799.jpeg
58,,https://cdn.jsdelivr.net/gh/HenryJi529/ImageHosting/picgo/202201301823878.JPG
57,,https://cdn.jsdelivr.net/gh/HenryJi529/ImageHosting/picgo/202201301823832.JPG
56,,https://cdn.jsdelivr.net/gh/HenryJi529/ImageHosting/picgo/202201301823020.JPG
55,,https://cdn.jsdelivr.net/gh/HenryJi529/ImageHosting/picgo/202201301822768.JPG
54,,https://cdn.jsdelivr.net/gh/HenryJi529/ImageHosting/picgo/202201301822664.JPG
53,,https://cdn.jsdelivr.net/gh/HenryJi529/ImageHosting/picgo/202201301822141.JPG
52,,https://cdn.jsdelivr.net/gh/HenryJi529/ImageHosting/picgo/202201301821300.JPG
51,,https://cdn.jsdelivr.net/gh/HenryJi529/ImageHosting/picgo/202201301821354.jpg
50,,https://cdn.jsdelivr.net/gh/HenryJi529/ImageHosting/picgo/202201301821880.png
49,,https://cdn.jsdelivr.net/gh/HenryJi529/ImageHosting/picgo/202201301820632.JPG
48,,https://cdn.jsdelivr.net/gh/HenryJi529/ImageHosting/picgo/202201301820330.JPG
47,,https://cdn.jsdelivr.net/gh/HenryJi529/ImageHosting/picgo/202201301820141.JPG
46,,https://cdn.jsdelivr.net/gh/HenryJi529/ImageHosting/picgo/202201301819141.JPG
45,,https://cdn.jsdelivr.net/gh/HenryJi529/ImageHosting/picgo/202201301819863.png
44,,https://cdn.jsdelivr.net/gh/HenryJi529/ImageHosting/picgo/202201301819333.JPG
43,,https://cdn.jsdelivr.net/gh/HenryJi529/ImageHosting/picgo/202201301819828.JPG
42,,https://cdn.jsdelivr.net/gh/HenryJi529/ImageHosting/picgo/202201301818718.png
41,,https://cdn.jsdelivr.net/gh/HenryJi529/ImageHosting/picgo/202201301817934.jpeg
40,,https://cdn.jsdelivr.net/gh/HenryJi529/ImageHosting/picgo/202201301817261.JPG
39,,https://cdn.jsdelivr.net/gh/HenryJi529/ImageHosting/picgo/202201301817332.JPG
38,,https://cdn.jsdelivr.net/gh/HenryJi529/ImageHosting/picgo/202201301816733.jpeg
37,,https://cdn.jsdelivr.net/gh/HenryJi529/ImageHosting/picgo/202201301816668.JPG
36,,https://cdn.jsdelivr.net/gh/HenryJi529/ImageHosting/picgo/202201301816133.JPG
35,,https://cdn.jsdelivr.net/gh/HenryJi529/ImageHosting/picgo/202201301816593.png
34,,https://cdn.jsdelivr.net/gh/HenryJi529/ImageHosting/picgo/202201301815856.JPG
33,,https://cdn.jsdelivr.net/gh/HenryJi529/ImageHosting/picgo/202201301815194.JPG
32,,https://cdn.jsdelivr.net/gh/HenryJi529/ImageHosting/picgo/202201301815333.JPG
31,,https://cdn.jsdelivr.net/gh/HenryJi529/ImageHosting/picgo/202201301814635.png
30,,https://cdn.jsdelivr.net/gh/HenryJi529/ImageHosting/picgo/202201301814505.JPG
29,,https://cdn.jsdelivr.net/gh/HenryJi529/ImageHosting/picgo/202201301813800.png
28,,https://cdn.jsdelivr.net/gh/HenryJi529/ImageHosting/picgo/202201301813393.JPG
27,,https://cdn.jsdelivr.net/gh/HenryJi529/ImageHosting/picgo/202201301812501.JPG
26,,https://cdn.jsdelivr.net/gh/HenryJi529/ImageHosting/picgo/202201301812071.JPG
25,,https://cdn.jsdelivr.net/gh/HenryJi529/ImageHosting/picgo/202201301812692.JPG
24,,https://cdn.jsdelivr.net/gh/HenryJi529/ImageHosting/picgo/202201301811695.JPG
23,,https://cdn.jsdelivr.net/gh/HenryJi529/ImageHosting/picgo/202201301811501.JPG
22,,https://cdn.jsdelivr.net/gh/HenryJi529/ImageHosting/picgo/202201301811052.JPG
21,,https://cdn.jsdelivr.net/gh/HenryJi529/ImageHosting/picgo/202201301811864.JPG
20,,https://cdn.jsdelivr.net/gh/HenryJi529/ImageHosting/picgo/202201301810141.JPG
19,,https://cdn.jsdelivr.net/gh/HenryJi529/ImageHosting/picgo/202201301809347.png
18,,https://cdn.jsdelivr.net/gh/HenryJi529/ImageHosting/picgo/202201301809535.png
17,,https://cdn.jsdelivr.net/gh/HenryJi529/ImageHosting/picgo/202201301809300.JPG
16,,https://cdn.jsdelivr.net/gh/HenryJi529/ImageHosting/picgo/202201301808039.JPG
15,,https://cdn.jsdelivr.net/gh/HenryJi529/ImageHosting/picgo/202201301808816.JPG
14,,https://cdn.jsdelivr.net/gh/HenryJi529/ImageHosting/picgo/202201301808832.png
13,,https://cdn.jsdelivr.net/gh/HenryJi529/ImageHosting/picgo/202201301807420.JPG
12,,https://cdn.jsdelivr.net/gh/HenryJi529/ImageHosting/picgo/202201301804105.jpeg
11,,https://cdn.jsdelivr.net/gh/HenryJi529/ImageHosting/picgo/202201301804320.JPG
10,,https://cdn.jsdelivr.net/gh/HenryJi529/ImageHosting/picgo/202201301803295.jpeg
9,,https://cdn.jsdelivr.net/gh/HenryJi529/ImageHosting/picgo/202201301803878.png
8,,https://cdn.jsdelivr.net/gh/HenryJi529/ImageHosting/picgo/202201301803356.jpeg
7,,https://cdn.jsdelivr.net/gh/HenryJi529/ImageHosting/picgo/202201301802487.png
6,,https://cdn.jsdelivr.net/gh/HenryJi529/ImageHosting/picgo/202201301802447.JPG
5,,https://cdn.jsdelivr.net/gh/HenryJi529/ImageHosting/picgo/202201301756555.JPG
4,,https://cdn.jsdelivr.net/gh/HenryJi529/ImageHosting/picgo/202201301755113.JPG
3,,https://cdn.jsdelivr.net/gh/HenryJi529/ImageHosting/picgo/202201301754058.JPG
2,,https://cdn.jsdelivr.net/gh/HenryJi529/ImageHosting/picgo/202201301754269.JPG
1,,https://cdn.jsdelivr.net/gh/HenryJi529/ImageHosting/picgo/202201301753035.JPG
